{"accuracy": 0.7704918032786885, "f1_score": 0.7741935483870969}